{
  "hash": "55a234aa",
  "configHash": "03e96e31",
  "lockfileHash": "75dabb42",
  "browserHash": "7ddb68a2",
  "optimized": {
    "@angular/common/http": {
      "src": "../../../../../node_modules/@angular/common/fesm2022/http.mjs",
      "file": "@angular_common_http.js",
      "fileHash": "160cf429",
      "needsInterop": false
    },
    "@angular/core": {
      "src": "../../../../../node_modules/@angular/core/fesm2022/core.mjs",
      "file": "@angular_core.js",
      "fileHash": "d1e87bce",
      "needsInterop": false
    },
    "@angular/forms": {
      "src": "../../../../../node_modules/@angular/forms/fesm2022/forms.mjs",
      "file": "@angular_forms.js",
      "fileHash": "fda538b6",
      "needsInterop": false
    },
    "@angular/platform-browser": {
      "src": "../../../../../node_modules/@angular/platform-browser/fesm2022/platform-browser.mjs",
      "file": "@angular_platform-browser.js",
      "fileHash": "a5f81e04",
      "needsInterop": false
    },
    "@angular/router": {
      "src": "../../../../../node_modules/@angular/router/fesm2022/router.mjs",
      "file": "@angular_router.js",
      "fileHash": "cd4a5ec2",
      "needsInterop": false
    }
  },
  "chunks": {
    "chunk-DMMTVTS2": {
      "file": "chunk-DMMTVTS2.js"
    },
    "chunk-IVKT5LCX": {
      "file": "chunk-IVKT5LCX.js"
    },
    "chunk-UG6EYDSR": {
      "file": "chunk-UG6EYDSR.js"
    },
    "chunk-ORL24GRQ": {
      "file": "chunk-ORL24GRQ.js"
    }
  }
}